video_id,title,published_at,description,channel_title,channel_id,category_id,view_count,like_count,comment_count,view_velocity,engagement_ratio
46ADyAK0xGI,sukhe aalu ki sabji#cooking#recipe#food#lifeisbutadream,2026-06-15T08:54:54Z,,Bajwa mini  vlog 🙏,UC6wd11jaDCyz8ANGuIqZD6g,22,270,5,0,678.5360066283753,0.018518518518518517
ov3Brt8z_DA,இன்று காலை டிபன் லஞ்ச் ரெசிபி #food #youtubeshorts #cooking #recipe,2026-06-15T08:54:29Z,#recipe #cooking #youtubeshorts,Chitra's cooking,UCuBGJDTnbQ59nyPh2-pfTbw,22,292,3,0,721.2370549286579,0.010273972602739725
AJz2xETbfyI,Ram Ram sa 💖 #dailyvlog #shortvideo #cooking #food #recipe,2026-06-15T08:50:44Z,,Nikita Soni,UCfoixpWH9bQRu82gjldrwQg,22,216,2,0,462.1705362562473,0.009259259259259259
d1kpI4FlrUQ,Chicken Curry #food #viralvideo #recipe #greenomelette #cooking #shorts #ytshorts,2026-06-15T08:47:33Z,Chicken Curry #food #viralvideo #recipe #greenomelette #cooking #shorts #ytshorts,Jebina Home Kitchen ,UC7EsAISl9p9N8hZGNhi2aTQ,22,399,0,0,766.695061178759,0.0
h9d9i2oL_yo,Day335:￼ Meen Kulambu #food #cooking #recipe #home #kitchen #school #lunch #fish #sweet #snacks #new,2026-06-15T08:43:25Z,"Day335
Double Ka Meetha 
Puttu Payaru Papadam
Meenkulambu 
#food #cooking #recipe #home #kitchen #school #lunch #fish #sweet #snacks #new #shorts #minivlog #yummy",Life Of House Wife ,UCaKsAGBLdURSN_JtSuGjo8Q,22,6661,559,11,11303.15679196975,0.08557273682630236
q-UqTqaE9e8,पंडित जी ने सही कहा था #viral #comedy #food #cooking #recipe #shorts,2026-06-15T08:39:44Z,,Cooking classes with sweety,UCkPhqVVDgSsyjXp2ovLxRMw,22,344,4,0,528.666896282159,0.011627906976744186
q2J9RpD85dQ,Maan ke 5 haq #food #viral #cooking #recipe #trending #youtubeshorts,2026-06-15T08:41:09Z,,Tabish vlogs ,UC147IBmO69JSoYUIs1jG4YQ,22,255,1,0,406.64526941783987,0.00392156862745098
zOIpaANv75o,#shaadi kura#trending #viralvideo#food #cooking🧑‍🍳#recipe#pleasesubscribe#🧑‍🍳,2026-06-15T08:38:05Z,#shaadi kura#trending #viralvideo#food #cooking🧑‍🍳#recipe#pleasesubscribe#🧑‍🍳 #trending #cooking #recipe #pleasesubscribe #food #,Jyoti_food_garage,UCynZXU_z0lDDMLKLwjBF7LQ,22,653,8,0,962.8523510523465,0.01225114854517611
rrfkVddAClM,কাবলি ছোলার পকোড়া !!#rannaghorertips #cooking #recipe #foodie #trending,2026-06-15T08:35:13Z,কাবলি ছোলার পকোড়া !!#rannaghorertips #cooking #recipe #foodie #trending,Rajinar Ranna Ghor,UCzAm9mLToCv0tfVfU4xhD0w,22,278,2,0,382.9353728106006,0.007194244604316547
9xUIbfSy54c,I learned this from a restaurant #cooking #recipe #food #snack #lifehacks,2026-06-15T08:35:42Z,,Teo Fatherhood,UCJqzANGrqn9dImti8WXNx_A,22,606,9,1,844.1104739565396,0.0165016501650165
0rSF8IjPEXw,एक चॉप = पूरा नाश्ता ✅ 👌 #shorts#viral#food#recipe#bhojpuri #cooking,2026-06-15T08:33:39Z,"एक चॉप = पूरा नाश्ता ✅ 👌 #shorts#viral#food#recipe#bhojpuri #cooking 



bahubali chop, giant chop recipe, kolkata special chop, aloo chop recipe, bengali chop recipe, giant aloo chop, street food recipe, evening snacks recipe, tea time snacks, crispy chop recipe, potato chop, indian snacks, chatpata nashta, easy snack recipe, homemade chop, breakfast recipe, snacks recipe hindi, viral recipe, cooking shorts, food shorts, kolkata street food, bengali snacks, aloo snacks, giant snacks, rupali kitchen, recipe shorts, tasty snacks, quick snacks, #bahubalichop #kolkataspecial #aloochop #streetfood #teatimesnacks #viralrecipe #shorts #rupalikitchen",Rupali`s kitchen,UCkcfroFr0eZ6UD6MSsdEFGw,26,277,0,2,368.3108165673519,0.007220216606498195
Kgwtso_tFpk,Spicy Red Chutney #youtubevideo #cooking #food #recipe #youtubeshorts,2026-06-15T08:30:27Z,"RED CHUTNEY - 
Ingredients: 
• Peanuts
• Sesame seeds 
• Garlic
• Dry Red chillies 🌶️ 
• Tomatoes 🍅 

Method: 
•Roast all the ingredients together 
•Then blend all ingredients with water into a smooth paste.
#youtubeshorts  #youtubevideo #recipe #spicy #youtubechannel #foodshorts #viralshorts #viral",Smin DB Vlogs,UCDLIphmWg5E8KQh8BZrZWow,22,594,10,0,737.5075273000134,0.016835016835016835
2ppvq2CTEEM,Sunday #food #cooking #recipe #food  #foodie #music #love,2026-06-15T08:30:04Z,,Ramya vlog and  Samayal,UC2rigqu6EJvxjbZKpgRxciQ,24,443,7,0,545.6979557093158,0.01580135440180587
jw2b7X5BIfY,Matar paneer #food #recipe #modernrasoi #cooking #shorts,2026-06-15T08:30:17Z,,Modern Rasoi,UC0W65WJfKdiDBPkxMzA4JuQ,26,368,3,0,455.33662098426174,0.008152173913043478
l9yAv-aA68A,ఫిష్ కర్రీ రెసిపీ #trending #food #cooking #recipe #foodie #indianfoodmadeeasy,2026-06-15T08:30:30Z,,Tiny Talks Ammayi,UC-AgfJKYvnk6EFcL2UTRf7g,1,248,2,0,308.2345193640414,0.008064516129032258
VHGdOAtk1lU,ଚିନାବାଦାମ ଦିଆ କୁଞ୍ଜୁରୀ ଭଜା 😍#peanut kundur fry#shorts#cooking #recipe,2026-06-15T08:25:06Z,Peanuts kundur fry 😍#ashortsaday #youtubeshorts #cooking #recipe,Odisha kitchen Diary ,UCDtPYPuPkPJd0sepEagCVgg,22,545,5,0,609.2229593105855,0.009174311926605505
9BNurJBVGqg,Wai Wai Noodles|| Nepal Noodles🍜  #homecuisine #food #asmr #cooking #recipe #youtubeshort#nepalifood,2026-06-15T08:19:36Z,,His Personal Chef,UCc_Wf0tBnuQ7d5WzUazn-ow,22,241,3,0,244.36023629972834,0.012448132780082987
kN8rbtUMeYY,स्वादिष्ट आलू प्याज पराठा रेसिपी 🥔🧅food #recipe #cooking 😋#aloo paratha,2026-06-15T08:15:06Z,"गरमा-गरम आलू प्याज पराठा एक स्वादिष्ट और भरपेट नाश्ता है। उबले हुए आलू, बारीक कटे प्याज और सुगंधित मसालों से तैयार यह पराठा बाहर से कुरकुरा और अंदर से नरम होता है। दही, अचार या मक्खन के साथ परोसा गया यह पराठा हर किसी को पसंद आता है। घर पर आसानी से बनने वाली इस रेसिपी को जरूर आज़माएं और परिवार के साथ इसका स्वाद लें।", Ghar ka awad,UC3SPrBq8v2x5iOon5dvr-6A,22,553,3,0,521.0841965504776,0.0054249547920434
0tkfDk9vwIU,#viral #viralshort #food #recipe #ytshorts #cooking #trending #trendingshorts #automobile,2026-06-15T08:10:05Z,#viral #viralshort #food #recipe #ytshorts #cooking #trending #trendingshorts #automobile,Komalvlog,UC8x3kOX935TB-qa-_QwA2-g,22,988,0,0,862.9876498018925,0.0
0mKQMqT-oWU,নেহারি রেসিপি 👍 #shortvideo #viralshorts #cooking #recipe,2026-06-15T08:08:46Z,,Bangla Recipe House,UC_ixIYP_1TlzAtmGH7VVw_g,22,277,0,0,237.40054516373607,0.0
gecNpOC-SGY,Cooking Time #food #chef #lifestyle #cooking #recipe #thai,2026-06-15T08:07:07Z,#food #chef #lifestyle #cooking #recipe #thai,KHEMRAJ VLOGS ,UC7kaCw191AvVMorpCheZbVQ,22,597,8,1,499.8725629651326,0.01507537688442211
fGyxwcUYqy0,VEGETABLE RICE #babykitchen #food #cooking #recipe #ytshorts #shorts #viral #song,2026-06-15T08:05:14Z,,Baby Kitchen,UCINWovP6SLCIdpZuKiwYzDQ,24,485,12,0,395.69442493954716,0.024742268041237112
7U8lJMk587I,জাম মাখা 😋🤤 #food #cooking #recipe,2026-06-15T08:01:17Z,,Br Manik Raj 1,UCk9xViX38kXwQ23IFD7ABRg,22,519,4,0,401.8500216613809,0.007707129094412331
W3yszmxUUbs,"""Easy and yummy 😋chicken momos 🥟recipe!"" #farhatskitchen #food #recipe #cooking",2026-06-15T08:00:26Z,"Ingredients (Quantity Guide)
Dough ke liye:
 Maida: 1.5 cup
 Namak: Ek chhota chammach (swad anusar)
 Pani: Gootne ke liye (jitni zaroorat ho)
Filling ke liye:
 Chicken Keema: 250-300 grams (boneless chicken ko mixer mein grind kar lein)
 Pyaz: 1 bada (bilkul barik kata hua)
 Soy Sauce: 1 bada chammach
 Red Pasta/Pizza Sauce: 1 bada chammach (jo video mein dikhaya gaya hai)
 Oil: 1 chhota chammach
 Namak: Swad anusar
 Masala: ½ chhota chammach (Black pepper powder ya Chicken masala)
Banane ka Tarika (Step-by-Step)
Step 1: Dough Taiyar Karein
 Ek bowl mein maida aur namak milayein. Thoda-thoda paani daalkar ek tight (sakht) aata goondh lein.
 Aate ko dhak kar 15-20 minute ke liye chhod dein taaki woh set ho jaye.
Step 2: Filling Taiyar Karein
 Ek bowl mein pisa hua chicken keema lein.
 Isme barik kata hua pyaz, soy sauce, red sauce, oil, namak aur masala powder daalein.
 Haath se acche se mix karein taaki sabhi cheezein chicken mein rach-bas jayein.
Step 3: Momos Shape Dein
 Aate ki choti-choti loiyan (balls) banayein aur unhein patla bel lein.
 Ek glass ya katori ki madad se gol shapes kaat lein (video ki tarah).
 Beech mein thodi si chicken filling rakhein, kinaron ko paani se halka gila karein aur pleated style mein fold karke band kar dein.
Step 4: Steam Karein
 Idli maker ya steamer ki plate par halka sa tel lagayein taaki momos chipke nahi.
 Momos ko steamer mein rakhein aur 10-12 minute tak medium heat par steam karein.
Step 5: Serving
 Jab momos transparent aur shine karne lagein, toh samajhiye woh taiyar hain!
 Inhein garam-garam Spicy Momos Chutney ke saath serve karein.
Pro Tip: Agar aap chahte hain ki filling aur juicy bane, toh chicken keema mein thoda sa butter ya ek chammach malai bhi mila sakte hain.",Farhat's Kitchen,UC2SWHvzx5sL88CkDTtGLaeA,22,434,13,0,332.3904661351439,0.029953917050691243
yrfATt1akrE,How to make peanut butter #shorts #food #cooking #recipe #ytshorts,2026-06-15T08:00:30Z,How to make peanut butter #shorts #food #cooking #recipe #ytshorts,Anmol fast food Corner ajmer,UCZBMFEsYy_n9ieIGMoc1y1Q,22,512,4,0,392.46282051952767,0.0078125
BIiiwG4wYjY,Instant dahi bhalle #youtube #food #recipe #viral #cooking #trending #easyrecipe #shortsfeed #shorts,2026-06-15T08:00:07Z,#indianfoodies #spicydishes #indianfood #curdcurry #tandoorichai #spicychutney #korma #indianfeast #northindianfood #indiankitchen,Foodie fun with Seema,UCeCyKm-SlCF14u1DJN78v8w,26,851,11,1,649.1371346332983,0.01410105757931845
nD39jO_aZ0w,Easy egg fried rice✨||#food #cooking #recipe #fypシ゚viral #fyp #shorts #viral #trending #shortsfeed,2026-06-15T07:46:00Z,,Tasty Cooking,UCzMcCzUh1TPHCQzHDpK45dQ,26,765,0,1,494.74572228324115,0.00130718954248366
Sh97WPpPotk,#food #cooking #recipe gorom vat r sathe jdi hoy vorta thle r ki lage??,2026-06-15T07:38:54Z,,Urmi Meher,UCkGEEqR0cRgcP6HHMwAKaYA,22,458,0,0,275.14412137688544,0.0
EfuHkc8PeCA,Mutton champaran|bihari style| #food #cooking #recipe #mutton #muttongravy,2026-06-15T07:38:25Z,,Shabana's Family,UCT-DGPWti_qjzWKOQAnGu4w,26,12764,377,7,7631.06066952138,0.030084612973989344
q_-K6H_uX7A,Cute jam shots ❤️😂 #food #recipe #foodie #cooking,2026-06-15T07:35:42Z,,Anamika Barman,UCRUOCsDbUA5QBBtswCIWVwQ,22,18632,1933,17,10845.702195258817,0.10465865178188064
chl1brkg1j0,सूखे नारियल 🥥 की चटनी 😋👌 #food #recipe # #youtubeshorts  #cooking #streetfood  #shortvideo,2026-06-15T07:35:14Z,,Rathore recpie factory😋,UCZGNlbxICpxYcfwRoCrHnmQ,26,488,5,0,282.78489806245875,0.010245901639344262
_MUVmQ6P7cc,SewaiKeer💜 #homemade #trend #trendingshorts #reels #youtubeshorts #youtube #food #recipe #cooking,2026-06-15T07:33:49Z,,HungryDiary,UCPFbc-AfIK0B0a8JNcpfCKA,22,450,5,0,257.24510880700336,0.011111111111111112
rJ4bei8e26c,day in my life#shortvideo #shortsfeed #food #cooking #recipe#minivlog,2026-06-15T07:30:39Z,,Dhanikksha Sameera lifestyle ,UCEflVPlo6F-faD0Vo7HNPlg,22,571,8,0,316.8556949962618,0.014010507880910683
v9z-ZqvP6D8,healthy methi dry fruits Ladoo#methiladoo #ytshorts #food #recipe #cooking #healthy #dryfruits,2026-06-15T07:30:33Z,,Lavanya Kilje,UC_AW6Axv2efoOHFyRVcC-xg,22,393,8,2,217.8795577974522,0.02544529262086514
0NliLazZg_U,"🌿 ""ಬಿಸಿ ಅನ್ನಕ್ಕೆ ಸೊಪ್ಪು ಬೇಳೆ ಬಸ್ಸಾರು ಸೇರಿದರೆ, ಊಟವೇ ಹಬ್ಬವಾಗುತ್ತದೆ.""#food #cooking #recipe #shorts",2026-06-15T07:28:04Z,,MS VLOGS ,UCS1eaXe76_AuRP1UyKI2z5A,22,848,10,2,459.5862877643689,0.014150943396226415
EQv8E4Sfm_o,#mrichi bajji #food #cooking #recipe ##indianfood #youtubeshorts,2026-06-15T07:26:08Z,,Aruna's Kitchen flavours ,UCbElhUYR7qRjtq-lWUuLJDQ,22,628,7,0,334.5123022736259,0.011146496815286623
zVYyH1Z3aaQ,"ഒരു variety ചമ്മന്തി ആയാലോ,🍛#viral #food #youtubeshorts #cooking#recipe #fyp #soyabean #top#shorts",2026-06-15T07:23:20Z,"ഒരു variety ചമ്മന്തി ആയാലോ,🍛#viral #food #youtubeshorts #cooking#recipe #fyp #soyabean #top#shorts",Stephy Francis N2 ,UCq4_hzKoVUGngUP1A-EM2Og,24,886,3,0,460.49258936751573,0.003386004514672686
W0uZLUTvZ2Q,Сезон кабачків офіційно відкрито 😉😄 #food #простоісмачно #cooking #recipe #кабачки #закуска,2026-06-15T07:18:38Z,,Інна Кабачинська,UCCksJGlvDhy64uyyy97lVog,22,450,16,0,224.7348182207383,0.035555555555555556
oQCQtp01E-E,#food #funny #cooking #recipe #youtubeshorts #cooking #streetfood #snacks #shorts,2026-06-15T07:13:59Z,,RKHealthyfoodreceipezz,UCf10eJc8VNWZM7GyZi18F3Q,22,5384,30,1,2588.6358323354148,0.005757800891530461
FbmNpj8TTP4,Today lunch box recipe #food #trending #cooking #recipe #shorts,2026-06-15T07:13:36Z,,"𝐆𝐫𝐞𝐞𝐧 𝐡𝐨𝐮𝐬𝐞 𝐜𝐨𝐨𝐤𝐢𝐧𝐠
",UC9AtgUVa1bJaiMiF1VN6MkA,22,871,7,0,417.4957380942984,0.008036739380022962
Rs1N5SPY0bc,khandvi recipe 😘#youtube #khandvi #gujrati #shots #dhokla #cooking #recipe #food #foodie #healtyfood,2026-06-15T06:54:23Z,khandvi recipe 😘#youtube #khandvi #gujrati #shots #dhokla #cooking #recipe #food #foodie #healtyfood,cook_at_home0818,UC5uHYEyUsZQgRjT8ZXtoV4g,22,48647,0,5,20214.611218898688,0.00010278126092050897
rkcPaNbgFWg,ঘ্যাটকোল রুই মাছের ডিম #food #cooking #recipe #mycooking,2026-06-15T06:51:17Z,"please subscribe my channel , please  subscribe my channel 


THANK YOU  FOR WATCHING",Gramoo randhansala,UCoMNUKDKchbkIvkOoTtKr0A,26,454,4,0,184.68848750223097,0.00881057268722467
TSElmNMZdrw,Rainbow Sandwich #sandwich #viral #food #recipe #viralvideo #viral #cooking #shortvideo #shorts #yt,2026-06-15T06:47:08Z,,monukirasoi,UCzg_Qwzyw1QQ2w50oGqITEQ,22,718,5,1,284.0909143989793,0.008356545961002786
tazQqLXGPmg,pahadi style Wai Wai 😋🍜 #shorts #ytshorts #food #recipe #trendingshorts #cooking #waiwainoodles,2026-06-15T06:47:12Z,,The Freedom Bird,UCVtEREwPXpgpH5Arw7YYXow,22,2083,7,0,824.5426838576054,0.003360537686029765
YWgVCiD5K-8,usne Manga tu Diya 😆 #cooking #food #recipe #celebrity #funny #explorepage #shorts,2026-06-15T06:39:02Z,,Rita Home Kitchen,UCq1_TgkC_mllWl_uP2qx_Lw,26,22933,174,1,8613.786417600226,0.007630924868094013
HcogX3xmgCk,पनीर सेनविच #food #shortvideo #indianfoodmadeeasy #cooking #cooking #indian #recipe #shortvideo 🙏👍,2026-06-15T06:33:20Z,,INDIAN BHOJAN,UCyCGFem9h9Ya9PhfI7WnnJQ,22,20345,189,2,7378.434570903356,0.009388056033423445
lwiy8CIEpd0,সাদা মাটা নিরামিষ খাবার 🤤🫶🏼 #youtubeshorts #food #cooking #recipe #villagerlifestyle,2026-06-15T06:30:19Z,,Mr.& Mrs. Naiya,UCW2zV7G_Jqyu8zoXyvHYIPg,22,531,5,1,189.1269640029127,0.011299435028248588
O0NLtZjH644,Dhaba Style Egg Curry ASMR Cooking #shorts #food#cooking #recipe #eggcurry #egg #nonveg #viral,2026-06-15T06:30:10Z,"Dhaba Style Egg Curry ASMR Cooking #shorts #food

#cooking #recipe #eggcurry #egg #nonveg #viral

#food #indianfood #cooking #shortvideo #easyrecipe #tasty
#foodie #lunchbox #lunch",Maaa Inti Vantalu,UCJgA_UGVfrYK8fCXdfuyxog,26,867,13,0,308.5258030497305,0.014994232987312572
6p6K4BbDMj8,Qiyma goshtidan rulet tayyorlab yaqinlarizni xursand qiling #food #cooking #recipe #foodie #yummy,2026-06-15T06:26:41Z,,Shahlo_kitchen,UCB3PbYKfUloF3XoJSAm6nIw,22,725,9,0,252.7723649276802,0.012413793103448275
dSCxUBA-R5k,#beautiful #nature #khwaza #food #mango #aam #allah #foodie #cooking #recipe #rice#mushkil#love #new,2026-06-15T06:14:45Z,,Bismil_kitchen,UCYGgTDOHftCdmpUhOVoDZpQ,29,892,61,0,290.8301601015956,0.06838565022421525
